Name,Description,Link,Image
SupremeÂ®/SchottÂ® Faux Fur Peacoat,Custom fit SchottÂ® faux fur peacoat with satin lining. Double breasted 8-button closure with hand pockets at lower front and 2 interior chest pockets.,http://www.supremenewyork.com/previews/fallwinter2017/jackets/supreme-schott-faux-fur-peacoat,http://d17ol771963kd3.cloudfront.net/136533/zo/-dGaNM8icEY.jpg
Reversed Shearling Hooded Jacket,Sheepskin with reverse shearling body. Full zip closure with leather logo appliquÃ© on lower back.,http://www.supremenewyork.com/previews/fallwinter2017/jackets/reversed-shearling-hooded-jacket,http://d17ol771963kd3.cloudfront.net/133679/zo/PMVtDFB0Zag.jpg
100 Dollar Bill Trucker Jacket,"All cotton denim jacquard trucker with button front closure, hand pockets at lower front and chest pockets with button closures.",http://www.supremenewyork.com/previews/fallwinter2017/jackets/100-dollar-bill-trucker-jacket,http://d17ol771963kd3.cloudfront.net/134739/zo/ywBE767ervE.jpg
100 Dollar Bill Overalls,All cotton twill,http://www.supremenewyork.com/previews/fallwinter2017/pants/100-dollar-bill-overalls,http://d17ol771963kd3.cloudfront.net/135735/zo/-PVAEAjyyq0.jpg
700-Fill Down Taped Seam Parka,"700-Fill down. Waterproof breathable nylon 3-layer shell with tricot backing and taped seams. Two-way full zip closure with velcro placket, removable hood and embroidered logo on sleeve.",http://www.supremenewyork.com/previews/fallwinter2017/jackets/700-fill-down-taped-seam-parka,http://d17ol771963kd3.cloudfront.net/134646/zo/BQBDRsw0ktA1.jpg
Scarfaceâ„¢ The World Is Yours Denim Jacket,All cotton 13 oz. cotton denim with full zip closure and hand pockets at lower front.,http://www.supremenewyork.com/previews/fallwinter2017/jackets/scarface-the-world-is-yours-denim-jacket,http://d17ol771963kd3.cloudfront.net/136019/zo/L1VeGNYPsnc.jpg
SupremeÂ®/SchottÂ® Chief Tassel Perfecto,"Custom fit SchottÂ® cowhide leather Perfecto with embossed chiefâ€™s head graphic on back and tassels at back yoke and sleeve seams. Full zip closure with satin lining, leather belt and zippered hand pockets at lower front. Made exclusively for Supreme.\n",http://www.supremenewyork.com/previews/fallwinter2017/jackets/supreme-schott-chief-tassel-perfecto,http://d17ol771963kd3.cloudfront.net/133821/zo/OyfZKio0k7c.jpg
SupremeÂ®/SchottÂ® Leopard Lined Leather Work Jacket,"Custom fit SchottÂ® cowhide leather work jacket with faux fur lining. Full zip closure with double welt hand pockets, rib cuffs and adjustable side buckles at waist. ""Sacred Heart"" pin included.",http://www.supremenewyork.com/previews/fallwinter2017/jackets/supreme-schott-leopard-lined-leather-work-jacket,http://d17ol771963kd3.cloudfront.net/133781/zo/D51ycHvVINg.jpg
Gonz Ramm Varsity Jacket,24 oz. melton wool with quilted satin lining and leather sleeves. Snap front closure with chenille patches on front and back. Original artwork by Mark Gonzales.,http://www.supremenewyork.com/previews/fallwinter2017/jackets/gonz-ramm-varsity-jacket,http://d17ol771963kd3.cloudfront.net/133585/zo/l2-EoNbq32Y.jpg
Digi Camo MA-1,"Military spec NYCO twill outer with military spec flight satin nylon reversible side. Hand pockets with snap closures at lower front, utility pocket on outer sleeve and embroidered logo on chest.",http://www.supremenewyork.com/previews/fallwinter2017/jackets/digi-camo-ma-1,http://d17ol771963kd3.cloudfront.net/133606/zo/X6D5SfZeizg.jpg
Wool Overcoat,Loro PianaÂ® wool with faux fur pile body lining and bemberg sleeve lining. Hand pockets at lower front and 2 interior pockets.,http://www.supremenewyork.com/previews/fallwinter2017/jackets/wool-overcoat,http://d17ol771963kd3.cloudfront.net/133481/zo/1hSw7C9WQrY.jpg
Fuck Jacquard Puffy Jacket,Woven jacquard poly blend with quilted down fill. Full zip closure with snap placket and hand pockets at lower front.,http://www.supremenewyork.com/previews/fallwinter2017/jackets/fuck-jacquard-puffy-jacket,http://d17ol771963kd3.cloudfront.net/133624/zo/0-mmhj57MiI.jpg
Box Logo Hooded Sweatshirt,Heavyweight cottonÂ crossgrain fleece with embroidered logo.,http://www.supremenewyork.com/previews/fallwinter2017/sweatshirts/box-logo-hooded-sweatshirt,http://d17ol771963kd3.cloudfront.net/133833/zo/CFXseLxWv_M.jpg
Hooded Suede Work Jacket,"Heavyweight suede with sherpa fleece lining. Full zip closure with rib at waistband, hood and cuffs.",http://www.supremenewyork.com/previews/fallwinter2017/jackets/hooded-suede-work-jacket,http://d17ol771963kd3.cloudfront.net/133534/zo/MyO_EummXkM.jpg
Velvet Trucker Jacket,"Cotton velvet with printed satin lining. Button front closure, hand pockets at lower front and chest pockets with button closures.",http://www.supremenewyork.com/previews/fallwinter2017/jackets/velvet-trucker-jacket,http://d17ol771963kd3.cloudfront.net/133715/zo/3B13GGMWXu8.jpg
SupremeÂ®/PlayboyÂ© Wool Varsity Jacket,24 oz. melton wool with satin lining. Snap front closure with leather appliquÃ© on chest and piping on sleeves and pockets.,http://www.supremenewyork.com/previews/fallwinter2017/jackets/supreme-playboy-wool-varsity-jacket,http://d17ol771963kd3.cloudfront.net/133772/zo/hMXNq9t6VsY.jpg
Chief Harrington Jacket,Heavyweight cotton twill with full zip closure and 2-button collar. Chenille graphic on back and embroidered logo on chest.,http://www.supremenewyork.com/previews/fallwinter2017/jackets/chief-harrington-jacket,http://d17ol771963kd3.cloudfront.net/133496/zo/8epW2-G3Fhs.jpg
Reflective Sleeve Logo Puffy Jacket,Water resistant nylon diamond ripstop with quilted down fill. Full zip closure with 3MÂ® Reflective logo trim on sleeves and back.,http://www.supremenewyork.com/previews/fallwinter2017/jackets/reflective-sleeve-logo-puffy-jacket,http://d17ol771963kd3.cloudfront.net/133475/zo/sPZ0PR4GSDg.jpg
S/S Pocket Tee,All cotton slub jersey,http://www.supremenewyork.com/previews/fallwinter2017/tops-sweaters/s-s-pocket-tee,http://d17ol771963kd3.cloudfront.net/134330/zo/A_wGs9yanYk.jpg
L/S Pocket Tee,All cotton slub jersey,http://www.supremenewyork.com/previews/fallwinter2017/tops-sweaters/l-s-pocket-tee,http://d17ol771963kd3.cloudfront.net/134341/zo/j2GTY0nGBDE.jpg
Velour Warm Up Pant,Cotton blend velour,http://www.supremenewyork.com/previews/fallwinter2017/pants/velour-warm-up-pant,http://d17ol771963kd3.cloudfront.net/134512/zo/bIyjEnxlFqE.jpg
Snake Script Logo Baseball Jersey,Poly,http://www.supremenewyork.com/previews/fallwinter2017/tops-sweaters/snake-script-logo-baseball-jersey,http://d17ol771963kd3.cloudfront.net/134410/zo/KUV6pbY9w5U.jpg
Leopard Fleece Reversible Jacket,Sherpa fleece with full zip closure and zippered hand pockets. Nylon on reverse side.,http://www.supremenewyork.com/previews/fallwinter2017/jackets/leopard-fleece-reversible-jacket,http://d17ol771963kd3.cloudfront.net/133643/zo/u7d94Sx8O9U.jpg
Warm Up Pant,Nylon,http://www.supremenewyork.com/previews/fallwinter2017/pants/warm-up-pant,http://d17ol771963kd3.cloudfront.net/136484/zo/dcmHessCvoM.jpg
Compact Logo Hooded Sweatshirt,Heavyweight cotton crossgrain fleece,http://www.supremenewyork.com/previews/fallwinter2017/sweatshirts/compact-logo-hooded-sweatshirt,http://d17ol771963kd3.cloudfront.net/133959/zo/aIHpJoke28I.jpg
Vertical Striped Pique Crewneck,Cotton blend pique,http://www.supremenewyork.com/previews/fallwinter2017/tops-sweaters/vertical-striped-pique-crewneck,http://d17ol771963kd3.cloudfront.net/134256/zo/UTkOFG034z8.jpg
Blood and Semen Hooded Sweatshirt,Cotton fleece. Original artwork by Andres Serrano.,http://www.supremenewyork.com/previews/fallwinter2017/sweatshirts/blood-and-semen-hooded-sweatshirt,http://d17ol771963kd3.cloudfront.net/135063/zo/BkYh01c9ewM.jpg
Hooded Logo Half Zip Pullover,Nylon with fill and half zip closure with additional velcro closure flap. Patch pocket at lower front and embroidered logo on hood.,http://www.supremenewyork.com/previews/fallwinter2017/jackets/hooded-logo-half-zip-pullover,http://d17ol771963kd3.cloudfront.net/136492/zo/L5WPXt2m1AA.jpg
Tape Stripe L/S Pique Top,All cotton pique,http://www.supremenewyork.com/previews/fallwinter2017/tops-sweaters/tape-stripe-l-s-pique-top,http://d17ol771963kd3.cloudfront.net/134273/zo/IRxAtqWjMQg.jpg
Repeat Sweater,All cotton,http://www.supremenewyork.com/previews/fallwinter2017/tops-sweaters/repeat-sweater,http://d17ol771963kd3.cloudfront.net/134050/zo/wEO2Y_XGiaw.jpg
Leather Front Polo Sweater,Merino wool with leather front panels.,http://www.supremenewyork.com/previews/fallwinter2017/tops-sweaters/leather-front-polo-sweater,http://d17ol771963kd3.cloudfront.net/134054/zo/HyDExmsJbVs.jpg
Piping Track Pant,Nylon,http://www.supremenewyork.com/previews/fallwinter2017/pants/piping-track-pant,http://d17ol771963kd3.cloudfront.net/136088/zo/Nr4zUG3Fm_4.jpg
Piping Track Pant,Nylon,http://www.supremenewyork.com/previews/fallwinter2017/pants/piping-track-pant,http://d17ol771963kd3.cloudfront.net/136088/zo/Nr4zUG3Fm_4.jpg
Handcuffs Hooded Sweatshirt,Heavyweight cotton crossgrain fleece,http://www.supremenewyork.com/previews/fallwinter2017/sweatshirts/handcuffs-hooded-sweatshirt,http://d17ol771963kd3.cloudfront.net/136354/zo/7v2ITOnzR6M.jpg
SupremeÂ®/PlayboyÂ© Waffle Thermal,All cotton,http://www.supremenewyork.com/previews/fallwinter2017/tops-sweaters/supreme-playboy-waffle-thermal,http://d17ol771963kd3.cloudfront.net/134285/zo/rNv9Mp70S8w.jpg
License Plate Puffy Jacket,"Water resistant cotton with printed pattern, quilted down fill and zippered chest pocket.",http://www.supremenewyork.com/previews/fallwinter2017/jackets/license-plate-puffy-jacket,http://d17ol771963kd3.cloudfront.net/133667/zo/AJIO1o-AxPU.jpg
Ombre Stripe Sweater,Acrylic blend,http://www.supremenewyork.com/previews/fallwinter2017/tops-sweaters/ombre-stripe-sweater,http://d17ol771963kd3.cloudfront.net/134059/zo/wsRXkCBj6Rc.jpg
Sherpa Reversible Work Parka,Sherpa fleece outer with quilted nylon reversible side. Chest logo embroidery on Sherpa side and back patch on nylon side.,http://www.supremenewyork.com/previews/fallwinter2017/jackets/sherpa-reversible-work-parka,http://d17ol771963kd3.cloudfront.net/135303/zo/33c1qhOorH1.jpg
Heather Stripe Polo,All cotton,http://www.supremenewyork.com/previews/fallwinter2017/tops-sweaters/heather-stripe-polo,http://d17ol771963kd3.cloudfront.net/135200/zo/LARFW6DuVo1.jpg
Stone Washed Black Slim Jeans,All cotton 14 oz. denim with stone wash. Classic 5-pocket style with black leather patch on back.,http://www.supremenewyork.com/previews/fallwinter2017/pants/stone-washed-black-slim-jeans,http://d17ol771963kd3.cloudfront.net/136467/zo/T5pwVB8d7-U.jpg
SupremeÂ®/PlayboyÂ© Shawl Collar Full Zip Sweater,Hand knit cotton,http://www.supremenewyork.com/previews/fallwinter2017/tops-sweaters/supreme-playboy-shawl-collar-full-zip-sweater,http://d17ol771963kd3.cloudfront.net/134916/zo/81_SCLOp-9o.jpg
Hooded Chore Coat,"All cotton denim with cotton fleece hood, cotton plaid lining and corduroy collar.",http://www.supremenewyork.com/previews/fallwinter2017/jackets/hooded-chore-coat,http://d17ol771963kd3.cloudfront.net/133543/zo/OK0jsHANohQ.jpg
Pit Crew Jacket,Nylon with faux fur lining and full zip closure. Patches on chest and sleeve.,http://www.supremenewyork.com/previews/fallwinter2017/jackets/pit-crew-jacket,http://d17ol771963kd3.cloudfront.net/133591/zo/mRXKkJWl6B0.jpg
Shit Sweater,Cotton blend,http://www.supremenewyork.com/previews/fallwinter2017/tops-sweaters/shit-sweater,http://d17ol771963kd3.cloudfront.net/134048/zo/hYmMfTARSsE.jpg
Tonal S Logo Sweatpant,Heavyweight cotton crossgrain fleece,http://www.supremenewyork.com/previews/fallwinter2017/pants/tonal-s-logo-sweatpant,http://d17ol771963kd3.cloudfront.net/134013/zo/wviwfjLlz68.jpg
Sacred Hearts Work Pant,Heavy cotton twill with embroideries.,http://www.supremenewyork.com/previews/fallwinter2017/pants/sacred-hearts-work-pant,http://d17ol771963kd3.cloudfront.net/134442/zo/OXKb-rwcyRg.jpg
Plaid Shearling Bomber,Brushed plaid fleece with sherpa fleece collar and trim. Snap front closure with embroidered logo on chest.,http://www.supremenewyork.com/previews/fallwinter2017/jackets/plaid-shearling-bomber,http://d17ol771963kd3.cloudfront.net/133729/zo/cr6cZKk9R_A.jpg
Cheetah Pile Zip Up Shirt,Rayon blend,http://www.supremenewyork.com/previews/fallwinter2017/shirts/cheetah-pile-zip-up-shirt,http://d17ol771963kd3.cloudfront.net/134193/zo/_sa4iKPMp9U.jpg
Velour Diagonal Logo L/S Top,Cotton blend velour,http://www.supremenewyork.com/previews/fallwinter2017/tops-sweaters/velour-diagonal-logo-l-s-top,http://d17ol771963kd3.cloudfront.net/134403/zo/93Jio8cre3I.jpg
Work Pant,Heavy cotton blend twill,http://www.supremenewyork.com/previews/fallwinter2017/pants/work-pant,http://d17ol771963kd3.cloudfront.net/134438/zo/Mb7TVPRU9Ro.jpg
SupremeÂ®/VansonÂ® Leather Bones Jacket,"Custom fit competition weight cowhide leather with rayon lining. Full zip closure with interior chest pockets and zippered hand pockets at lower front. Leather cut-out skeleton bones on front, back and sleeves with branded patches on sleeves. Made exclusively for Supreme.",http://www.supremenewyork.com/previews/fallwinter2017/jackets/supreme-vanson-leather-bones-jacket,http://d17ol771963kd3.cloudfront.net/133709/zo/HR11mQCjlOc.jpg
Scarfaceâ„¢ Hockey Jersey,Poly pique,http://www.supremenewyork.com/previews/fallwinter2017/tops-sweaters/scarface-hockey-jersey,http://d17ol771963kd3.cloudfront.net/136629/zo/vUeH-MssvJY.jpg
Daggers L/S Top,All cotton jersey,http://www.supremenewyork.com/previews/fallwinter2017/tops-sweaters/daggers-l-s-top,http://d17ol771963kd3.cloudfront.net/135169/zo/iUr__qo-9oQ.jpg
Best in the World L/S Tee,All cotton with woven graphic patch.,http://www.supremenewyork.com/previews/fallwinter2017/tops-sweaters/best-in-the-world-l-s-tee,http://d17ol771963kd3.cloudfront.net/134304/zo/rCNIGMHmK8I.jpg
Reflective Cross N-3B Parka,Military spec flight satin nylon with quilted nylon lining. Full zip closure with button placket and removable fur trim on hood. 3MÂ® Reflective taping appliquÃ© on back and sleeves.,http://www.supremenewyork.com/previews/fallwinter2017/jackets/reflective-cross-n-3b-parka,http://d17ol771963kd3.cloudfront.net/133449/zo/Q5cgm_mtZ7o.jpg
Handcuffs Sweatpant,Heavyweight cotton crossgrain fleece,http://www.supremenewyork.com/previews/fallwinter2017/sweatshirts/handcuffs-sweatpant,http://d17ol771963kd3.cloudfront.net/136450/zo/znC88jQdw84.jpg
SupremeÂ®/VansonÂ® Leather Bones Pant,Competition weight cowhide leather with cotton blend lining. Button-fly with ankle zippers and zippered hand pockets at front and back pockets. Leather cut-out skeleton bones on front and patches on both hips. Made exclusively for Supreme.,http://www.supremenewyork.com/previews/fallwinter2017/pants/supreme-vanson-leather-bones-pant,http://d17ol771963kd3.cloudfront.net/136517/zo/OEfw8klcLVc.jpg
Paisley L/S Polo,All cotton jersey,http://www.supremenewyork.com/previews/fallwinter2017/tops-sweaters/paisley-l-s-polo,http://d17ol771963kd3.cloudfront.net/134317/zo/7Gl7-RD-TeQ.jpg
Michelangelo L/S Top,All cotton jersey,http://www.supremenewyork.com/previews/fallwinter2017/tops-sweaters/michelangelo-l-s-top,http://d17ol771963kd3.cloudfront.net/134288/zo/-ck_tC4wP1g.jpg
Stone Washed Slim Jeans,All cotton 14 oz. selvedge denim with stone wash. Classic 5-pocket style with natural leather patch on back.,http://www.supremenewyork.com/previews/fallwinter2017/pants/stone-washed-slim-jeans,http://d17ol771963kd3.cloudfront.net/136468/zo/0Pg0Fpu6IGo.jpg
Taped Seam Pant,Waterproof breathable nylon 3-layer shell with tricot backing and taped seams. 3MÂ® Reflective logo taping on side seams.,http://www.supremenewyork.com/previews/fallwinter2017/pants/taped-seam-pant,http://d17ol771963kd3.cloudfront.net/136754/zo/mtRtI6Ty8hA.jpg
Patchwork Hooded Sweatshirt,Patchwork cotton fleece,http://www.supremenewyork.com/previews/fallwinter2017/sweatshirts/patchwork-hooded-sweatshirt,http://d17ol771963kd3.cloudfront.net/133870/zo/bWO49Zf2THc.jpg
Patchwork Sweatpant,Patchwork cotton fleece,http://www.supremenewyork.com/previews/fallwinter2017/pants/patchwork-sweatpant,http://d17ol771963kd3.cloudfront.net/133872/zo/Ak0ONgEChDU.jpg
Blocked Hooded Sweatshirt,Heavyweight cotton crossgrain fleece,http://www.supremenewyork.com/previews/fallwinter2017/sweatshirts/blocked-hooded-sweatshirt,http://d17ol771963kd3.cloudfront.net/133857/zo/jRkasa75KqM.jpg
Polo Crewneck,Cotton fleece with rib collar.,http://www.supremenewyork.com/previews/fallwinter2017/sweatshirts/polo-crewneck,http://d17ol771963kd3.cloudfront.net/133867/zo/2FAVVRhV3k0.jpg